scenario,direction,endpoint,feature_set,model,class_weight,n,events,event_rate,mean_prediction,prediction_minus_event_rate,roc_auc,pr_auc,brier_score,ece_10bin,ece_10bin_equal_frequency,ece_10bin_equal_width,calibration_slope,calibration_intercept
Extreme cross-setting stress test,NHANES -> MIMIC-IV,1-year mortality,NHANES-compatible base,logistic_regression_weighted,balanced,33201,6297,0.18966296195897714,0.47574366447905225,0.2860807025200751,0.6740341180265528,0.3205479109908462,0.2605173228570081,0.28608070252007517,0.28608070252007517,0.2860807025200751,0.44926346728101985,-1.5099879206728433
Realistic ICU deployment,MIMIC-IV ICU -> eICU,Hospital mortality,ICU-native primary,logistic_regression_weighted,balanced,13971,1263,0.09040154605969508,0.43972735673859065,0.34932581067889557,0.7182692818109976,0.23377370219387342,0.2256540903293035,0.34932581067889557,0.34932581067889557,0.34932581067889557,0.6671290967695046,-2.371797930124169
Realistic ICU deployment,eICU -> MIMIC-IV ICU,Hospital mortality,ICU-native primary,logistic_regression_weighted,balanced,6395,712,0.11133698201720094,0.4591952477168588,0.3478582656996579,0.7378014361776796,0.2889027439958543,0.22043346635430683,0.34785826569965783,0.34785826569965783,0.34785826569965783,1.055076962844455,-2.1623619077675214
Extreme cross-setting stress test,NHANES -> MIMIC-IV,1-year mortality,NHANES-compatible base,logistic_regression_unweighted,none,33201,6297,0.18966296195897714,0.04334896135040349,-0.14631400060857364,0.674197256376326,0.31936638164516684,0.16828791017696235,0.14631400060857364,0.14631400060857364,0.1463819987071517,0.496720357520664,0.30662774248043223
Realistic ICU deployment,MIMIC-IV ICU -> eICU,Hospital mortality,ICU-native primary,logistic_regression_unweighted,none,13971,1263,0.09040154605969508,0.14210255760057305,0.05170101154087797,0.7068528537082769,0.23446861155610316,0.08708514287535817,0.05914661390986255,0.05914661390986255,0.05170101154087796,0.563413323439158,-1.2318295159124966
Realistic ICU deployment,eICU -> MIMIC-IV ICU,Hospital mortality,ICU-native primary,logistic_regression_unweighted,none,6395,712,0.11133698201720094,0.10006098408365016,-0.011275997933550774,0.7366984521152184,0.29323692482043545,0.09055750220639018,0.015741711873999344,0.015741711873999344,0.015429877902577356,1.1978769123859494,0.5235578329589411
