Source,Internal evaluation,Endpoint,Feature set,n,events,event_rate,mean_prediction,roc_auc,pr_auc,brier_score,ece_10bin,ece_10bin_equal_frequency,ece_10bin_equal_width,calibration_slope,calibration_intercept
NHANES,NHANES 2013-2014 temporal holdout,1-year mortality,NHANES-compatible base,923,17,0.018418201516793065,0.02364219946128146,0.7022464614985067,0.09700114355538676,0.017625258432239756,0.015352041577474485,0.015352041577474485,0.0052239979444883965,0.7160718602670054,-1.1821294525136647
MIMIC-IV ICU,MIMIC-IV ICU patient-level holdout,Hospital mortality,ICU-native primary,6395,712,0.11133698201720094,0.11375416679781797,0.7386204568326191,0.35540921146441073,0.0865397259776516,0.014436668018799925,0.014436668018799925,0.009900844476568249,1.0470710658073528,0.05783728502011002
eICU,eICU patient-level holdout,Hospital mortality,ICU-native primary,13971,1263,0.09040154605969508,0.09521202270585467,0.7401869471565595,0.23960752416238162,0.07608655496910514,0.006850914947261293,0.006850914947261293,0.008525069836775211,1.042679994742186,0.02338420413675592
